<?xml version="1.0" encoding="UTF-8"?><extraction><clueid>19557807</clueid><fullpath><![CDATA[https://detail.tmall.com/item.htm?spm=a220m.1000858.1000725.1.1f4d1f26tGJtW6&id=544570874526&skuId=3281942193309&areaId=320100&user_id=556608090&cat_id=50025174&is_b=1&rn=6adf809851a8e3029a5779b0580be65a]]></fullpath><realpath><![CDATA[https://detail.tmall.com/item.htm?spm=a220m.1000858.1000725.1.1f4d1f26tGJtW6&id=544570874526&skuId=3281942193309&areaId=320100&user_id=556608090&cat_id=50025174&is_b=1&rn=6adf809851a8e3029a5779b0580be65a]]></realpath><theme>天猫爬取二级页面</theme><middle>规则_1</middle><createdate>2017-8-2 13:48:51</createdate><pageno>0</pageno><actionno></actionno><actionvalue></actionvalue><prestamp>DSEngine-+--+-0</prestamp><currentstamp>DSEngine-+-ds_browser_sample-+-2709345603</currentstamp><baseURI><bucketBaseURI><bucketName>规则_1</bucketName><uri><![CDATA[https://detail.tmall.com/item.htm?spm=a220m.1000858.1000725.1.1f4d1f26tGJtW6&id=544570874526&skuId=3281942193309&areaId=320100&user_id=556608090&cat_id=50025174&is_b=1&rn=6adf809851a8e3029a5779b0580be65a]]></uri></bucketBaseURI><bucketBaseURI><bucketName>规则_2</bucketName><uri><![CDATA[https://detail.tmall.com/item.htm?spm=a220m.1000858.1000725.1.1f4d1f26tGJtW6&id=544570874526&skuId=3281942193309&areaId=320100&user_id=556608090&cat_id=50025174&is_b=1&rn=6adf809851a8e3029a5779b0580be65a]]></uri></bucketBaseURI><bucketBaseURI><bucketName>规则_3</bucketName><uri><![CDATA[https://detail.tmall.com/item.htm?spm=a220m.1000858.1000725.1.1f4d1f26tGJtW6&id=544570874526&skuId=3281942193309&areaId=320100&user_id=556608090&cat_id=50025174&is_b=1&rn=6adf809851a8e3029a5779b0580be65a]]></uri></bucketBaseURI></baseURI>
<规则_1><item><累计评价>累计评价5436</累计评价><月销量>月销量517</月销量><商品名称/></item></规则_1>
<规则_2><item><品牌>品牌: Lilbetter</品牌></item></规则_2>
<规则_3><item><尺码颜色>颜色：蓝色尺码：180/XL</尺码颜色><时间>07.30</时间><评论>LB.家铁粉必入款，177   76  kg.一开始拍180的太大了，客户很负责的给换了小一号，175正好，既有宽大的效果，也不会因为宽大而显得不搭。大大宽松的版型，穿上很不错，落肩款，没什么味道，现在天气还热。期待秋天搭配卫衣一起穿的感觉。目测秋天出门会经常撞衫。。</评论></item><item><尺码颜色>颜色：蓝色尺码：175/L</尺码颜色><时间>07.26</时间><评论>衣服收到啦。蓝色的牛仔是最经典了。老公穿着很帅气。肩部设计很好看，衣服质量也是超级棒。我也可以当大衣穿。哈哈。很值得购买～～～</评论></item><item><尺码颜色>颜色：蓝色尺码：175/L</尺码颜色><时间>07.30</时间><评论>物流超级快，第二天就到了，第一次尝试这种风格的衣服，比较宽松，轻松驾驭，上身效果超级帅，质量也好，很有份量，适合秋冬穿。</评论></item><item><尺码颜色>颜色：蓝色尺码：170/M</尺码颜色><时间>07.21</时间><评论>老顾客，衣服质量真的很好，这件外套早就想入手了，现在有优惠，喜欢的赶紧入手吧，还有女生穿也屌哦。。。</评论></item><item><尺码颜色>颜色：蓝色尺码：185/XXL</尺码颜色><时间>07.29</时间><评论>第一眼看見就喜歡的 好好看 質量很超級好 這個秋天引領時尚潮流 棒棒</评论></item><item><尺码颜色>颜色：蓝色尺码：185/XXL</尺码颜色><时间>06.20</时间><评论>衣服很棒哦，喜欢这种宽松的风格。虽然季节不对，算是为秋天存货了。料子很厚实，颜色很棒。快递超快</评论></item><item><尺码颜色>颜色：蓝色尺码：175/L</尺码颜色><时间>07.31</时间><评论>一口气买了好几件LB的衣服，物流特别快，服务特别好，下次还会来客服推荐的号码正合适</评论></item><item><尺码颜色>颜色：蓝色尺码：165/S</尺码颜色><时间>07.30</时间><评论>看上很久，颜色特别喜欢，一直想入手，拿到以后衣服摸着很不错，开心。</评论></item><item><尺码颜色>颜色：蓝色尺码：165/S</尺码颜色><时间>07.21</时间><评论>物流超级超级快  衣服质量挺好的 客服小甜甜推荐的尺码很准 态度也满分 一次满意的购物！</评论></item><item><尺码颜色>颜色：蓝色尺码：175/L</尺码颜色><时间>07.24</时间><评论>第二天就收到东西了，物流很快，收到后一打开 给了我很大的惊喜 东西很好，尺码也合适，下次还会来的?</评论></item><item><尺码颜色>颜色：蓝色尺码：175/L</尺码颜色><时间>07.17</时间><评论>宝贝不错，跟描述的一样，发货很快而且物流也很好，同时买了几样东西，这个宝贝到的最快，很满意。</评论></item><item><尺码颜色>颜色：蓝色尺码：170/M</尺码颜色><时间>04.05</时间><评论>从收到包裹的时候就看得出来卖家应该是很用心了，强行要把自己包装的很高级，但完全用错了方向，反倒不伦不类很可笑！包装袋 吊牌 退货卡就会做些表面功夫有何用？衣服拖了两天才发货，客服闪烁其词根本不会正面回答。我用了20多分钟修剪线头，我觉得把线头寄回去卖家又能做一件衣服出来！衣服的剪裁和走线乱七八糟！讲真，何必呢？一个名不见经传的网店要走高端路线？哈哈在我看来连hm优衣库都不如好吧。高级不是表面的，希望你们能注重细节，因为你们的衣服完全没有细节可言！不过话说回来版型还是不错的，毕竟就只有这一个能上得了台面的优点了。</评论></item><item><尺码颜色>颜色：蓝色尺码：170/M</尺码颜色><时间>04.18</时间><评论>这款衣服看上好久了。之前问老公他说不要。但是我特别喜欢正好五月去新疆那会正好可以穿就自己默默的给拍了。收到了打开稍微有点味儿。不过晾一下就好了。质量很不错。色差感觉基本上没有。衣服挺有分量的。而且最让我吃惊的是EMS竟然这么快。两天就到了。太出乎意料了。很棒。衣服是特别肥大的那种。长短还正常就是溜肩的衣服很显款。我老公179大约145左右穿m稍微有点短。宽松度是很大的。</评论></item><item><尺码颜色>颜色：蓝色尺码：180/XL</尺码颜色><时间>07.29</时间><评论>喜欢这种款式的衣服，衣服袖子偏长一点，整体偏胖，不属于修身，里面穿卫衣效果非常好，颜色也正，必须五星好评</评论></item><item><尺码颜色>颜色：蓝色尺码：165/S</尺码颜色><时间>04.22</时间><评论>炒鸡好看～小伙伴也炒鸡爱～无色差，质量也很不错，就是衣服味道蛮大的，放外面吹一吹就好了～我165 60买的是s号，s号对女生来讲就可以了～这件衣服是落肩款，对肩膀比较圆且小的小仙女来说会比较大～适合喜欢潮款，休闲款的菇凉～且，袖子比较长，卷起来会比较好看～么么哒～我本人真的炒鸡爱这件衣服～</评论></item><item><尺码颜色>颜色：蓝色尺码：185/XXL</尺码颜色><时间>07.26</时间><评论>合身183 100公斤 满意喔~@美美哟 谢谢?(?????)?</评论></item><item><尺码颜色>颜色：蓝色尺码：180/XL</尺码颜色><时间>07.03</时间><评论>给老弟买的，款式质量都超赞的，穿着挺帅气的，就是拍大了一码有点大不过宽松一点感觉也挺不错的。弟弟第一次穿这种牛仔衣，穿着挺不错的?</评论></item><item><尺码颜色>颜色：蓝色尺码：180/XL</尺码颜色><时间>04.15</时间><评论>我能说我是冲着微淘小编来的么…关注一年多了 微淘小编太有才带来太多乐趣 第一次就直接里里外外买了一身 质量出奇的好 会继续支持这个品牌 还有够黄够暴力的小编我爱你哈哈哈</评论></item><item><尺码颜色>颜色：蓝色尺码：170/M</尺码颜色><时间>04.16</时间><评论>本来想买M码，但是没有货了，就买了L，但是真的是袖子太长了，想要退货的时候发现又有了M码，就果断换货了，衣服很好看，本来就是很宽松的款式，难免有点肥肥的感觉，给对象买的，对象挺满意的，对象的舍友也说我眼光好，男朋友穿着很好看，值得入手</评论></item><item><尺码颜色>颜色：蓝色尺码：175/L</尺码颜色><时间>06.21</时间><评论>收到了，快递速度超快，发货到收货隔天就到，衣服也可以啊，包装袋看着满满的文艺范，穿上也满满的文艺小青年，现在这天是穿不了了，价格也非常不错，性价比很高</评论></item></规则_3></extraction>